{"cameraMode":{"drawMode":0,"name":"Shaded","section":"Shading Mode"},"sceneLighting":true,"audioPlay":false,"sceneViewState":{"showFog":true,"showMaterialUpdate":false,"showSkybox":true,"showFlares":true,"showImageEffects":true,"showParticleSystems":true},"in2DMode":false,"pivot":{"x":1021.8805541992188,"y":635.440185546875,"z":-40.6278076171875},"rotation":{"x":-0.073287732899189,"y":-0.22930724918842317,"z":0.017058979719877244,"w":-0.9705429673194885},"size":1549.5467529296875,"orthographic":false}