{"cameraMode":{"drawMode":0,"name":"Shaded","section":"Shading Mode"},"sceneLighting":true,"audioPlay":false,"sceneViewState":{"showFog":true,"showMaterialUpdate":false,"showSkybox":true,"showFlares":true,"showImageEffects":true,"showParticleSystems":true},"in2DMode":false,"pivot":{"x":755.59619140625,"y":445.8850402832031,"z":-92.5032958984375},"rotation":{"x":0.0041575441136956219,"y":-0.11614113301038742,"z":-0.0005163743626326323,"w":-0.9932351112365723},"size":1138.681884765625,"orthographic":false}